<?xml version="1.0"?>
<host-config>
    <host name="ravijaya.info" port="22">
        <user>training</user>
        <password>training</password>
        <job>lscpu</job>
    </host>
    <host name="ravijaya.info" port="22">
        <user>training</user>
        <password>training</password>
        <job>free -m</job>
    </host>
    <host name="ravijaya.info" port="22">
        <user>training</user>
        <password>training</password>
        <job>uptime</job>
    </host>
    <host name="ravijaya.info" port="22">
        <user>training</user>
        <password>training</password>
        <job>uname -a</job>
    </host>
    <host name="ravijaya.info" port="22">
        <user>training</user>
        <password>training</password>
        <job>w</job>
    </host>
</host-config>